node	name	g	year	order	typeABS	typeRELA
myoDav1	Myotis_davidii	5	24	Chiroptera	short	
sorAra2	Sorex_araneus	9	3.2	Soricomorpha	short	shortR
myoLuc2	Myotis_lucifugus	10	34	Chiroptera	long	
mm10	Mus_musculus	21	4	Rodentia	short	shortR
eptFus1	Eptesicus_fuscus	23	19	Chiroptera	short	
criGri1	Cricetulus_griseus	33	5.3	Rodentia	short	shortR
hetGla2	Heterocephalus_glaber	35	31	Rodentia	long	
micOch1	Microtus_ochrogaster	40	5.3	Rodentia	short	
chrAsi1	Chrysochloris_asiatica	49	8.5	Afrosoricida	short	
eleEdw1	Elephantulus_edwardii	50	8.75	Macroscelidea	short	
panHod1	Pantholops_hodgsonii	53	10	Artiodactyla	short	
jacJac1	Jaculus_jaculus	55	7.3	Rodentia	short	
conCri1	Condylura_cristata	55	2.5	Soricomorpha	short	shortR
ochPri3	Ochotona_princeps	100	7	Lagomorpha	short	
tupChi1	Tupaia_chinensis	103	11.1	Scandentia	short	
mesAur1	Mesocricetus_auratus	105	3.9	Rodentia	short	shortR
monDom5	Monodelphis_domestica	105	5.1	Diprotodontia	short	
speTri2	Spermophilus_tridecemlineatus	160	7.1	Rodentia	short	
echTel2	Echinops_telfairi	180	19	Afrosoricida	short	
octDeg1	Octodon_degus	235	14	Rodentia	short	
calJac3	Callithrix_jacchus	255	22.8	Primates	short	
rn6	Rattus_norvegicus	300	3.8	Rodentia	short	shortR
saiBol1	Saimiri_boliviensis	615	30.3	Primates	long	
chiLan1	Chinchilla_lanigera	643	17.2	Rodentia	short	
pteAle1	Pteropus_alecto	672	19.7	Chiroptera	short	
cavPor3	Cavia_porcellus	728	12	Rodentia	short	
eriEur2	Erinaceus_europaeus	750	11.7	Erinaceomorpha	short	
musFur1	Mustela_putorius_furo	809	11.1	Carnivora	short	
pteVam1	Pteropus_vampyrus	872	20.9	Chiroptera	short	
ornAna1	Ornithorhynchus_anatinus	1250	22.6	Monotremata	short	
otoGar3	Otolemur_garnettii	1300	18.3	Primates	short	
oryCun2	Oryctolagus_cuniculus	1800	9	Lagomorpha	short	
felCat8	Felis_catus	3900	19	Carnivora	short	
dasNov3	Dasypus_novemcinctus	5500	22.3	Cingulata	short	
chlSab2	Chlorocebus_sabaeus	5620	13	Primates	short	
nomLeu3	Nomascus_leucogenys	6000	44.1	Primates	long	
macFas5	Macaca_fascicularis	6363	39	Primates	long	
sarHar1	Sarcophilus_harrisii	6500	13	Diprotodontia	short	
macEug2	Macropus_eugenii	6500	15.1	Diprotodontia	short	
rheMac3	Macaca_mulatta	8235	40	Primates	long	
papAnu2	Papio_anubis	18000	37.5	Primates	long	
canFam3	Canis_lupus_familiaris	40000	20.6	Carnivora	short	
panTro4	Pan_troglodytes	44984	59.4	Primates	long	
oryAfe1	Orycteropus_afer_afer	60000	29.8	Tubulidentata	long	
capHir1	Capra_hircus	61000	20.8	Artiodactyla	short	
vicPac2	Vicugna_pacos	62000	25.8	Artiodactyla	short	
hg38	Homo_sapiens	62035	122.5	Primates	long	longR
ponAbe2	Pongo_pygmaeus_abelii	64475	59	Primates	long	longR
oviAri3	Ovis_aries	80000	16.8	Artiodactyla	short	
ailMel1	Ailuropoda_melanoleuca	117500	36.8	Carnivora	long	
susScr3	Sus_scrofa	130000	27	Artiodactyla	long	
gorGor3	Gorilla_gorilla_gorilla	139842	60.1	Primates	long	longR
turTru2	Tursiops_truncatus	200000	51.6	Cetacea	long	
equCab2	Equus_caballus	300000	57	Perissodactyla	long	
triMan1	Trichechus_manatus_latirostris	322000	65	Sirenia	long	longR
lepWed1	Leptonychotes_weddellii	425000	30	Carnivora	long	
camFer1	Camelus_ferus	475000	35.4	Artiodactyla	long	
bosTau8	Bos_taurus	750000	20	Artiodactyla	long	
odoRosDiv1	Odobenus_rosmarus_divergens	1012500	40	Carnivora	long	
cerSim1	Ceratotherium_simum	2175000	45	Perissodactyla	long	longR
orcOrc1	Orcinus_orca	3987500	90	Cetacea	long	
loxAfr3	Loxodonta_africana	4800000	65	Proboscidea	long	longR
